{"frames": {

"back_button_pressed.png":
{
	"frame": {"x":0,"y":0,"w":45,"h":45},
	"rotated": false,
	"trimmed": false,
	"spriteSourceSize": {"x":0,"y":0,"w":45,"h":45},
	"sourceSize": {"w":45,"h":45}
},
"back_button_un.png":
{
	"frame": {"x":45,"y":0,"w":45,"h":45},
	"rotated": false,
	"trimmed": false,
	"spriteSourceSize": {"x":0,"y":0,"w":45,"h":45},
	"sourceSize": {"w":45,"h":45}
}},
"meta": {
	"app": "https://www.codeandweb.com/texturepacker",
	"version": "1.0",
	"image": "back_button.png",
	"format": "RGBA8888",
	"size": {"w":90,"h":45},
	"scale": "1",
	"smartupdate": "$TexturePacker:SmartUpdate:5f1b6423b721dd9436b89f354504db76:4c2d9fa0a01c4a360a14347c5e5e3d58:5fad8cb8d439b03f5ca4724b2d8c5c65$"
}
}
