{"frames": {

"play_button_pressed.png":
{
	"frame": {"x":0,"y":0,"w":60,"h":60},
	"rotated": false,
	"trimmed": false,
	"spriteSourceSize": {"x":0,"y":0,"w":60,"h":60},
	"sourceSize": {"w":60,"h":60}
},
"play_button_un.png":
{
	"frame": {"x":60,"y":0,"w":60,"h":60},
	"rotated": false,
	"trimmed": false,
	"spriteSourceSize": {"x":0,"y":0,"w":60,"h":60},
	"sourceSize": {"w":60,"h":60}
}},
"meta": {
	"app": "https://www.codeandweb.com/texturepacker",
	"version": "1.0",
	"image": "play_button.png",
	"format": "RGBA8888",
	"size": {"w":120,"h":60},
	"scale": "1",
	"smartupdate": "$TexturePacker:SmartUpdate:f319bfa6229b31efccb2e891115c1853:405ba27414a3d1077e166202ac75907f:416e97c0ce082451e90d8ec3b67437d9$"
}
}
