{"frames": {

"settings_button_pressed.png":
{
	"frame": {"x":0,"y":0,"w":45,"h":45},
	"rotated": false,
	"trimmed": false,
	"spriteSourceSize": {"x":0,"y":0,"w":45,"h":45},
	"sourceSize": {"w":45,"h":45}
},
"settings_button_un.png":
{
	"frame": {"x":45,"y":0,"w":45,"h":45},
	"rotated": false,
	"trimmed": false,
	"spriteSourceSize": {"x":0,"y":0,"w":45,"h":45},
	"sourceSize": {"w":45,"h":45}
}},
"meta": {
	"app": "https://www.codeandweb.com/texturepacker",
	"version": "1.0",
	"image": "settings_button.png",
	"format": "RGBA8888",
	"size": {"w":90,"h":45},
	"scale": "1",
	"smartupdate": "$TexturePacker:SmartUpdate:622a9a964c0e280547fd3c8232066cca:5c1698a60b664d3519c582e603cb4a9b:1b5258e9adb3a5a4b146349e7a812c0a$"
}
}
