{"frames": {

"shopbutton_pressed.png":
{
	"frame": {"x":0,"y":0,"w":45,"h":45},
	"rotated": false,
	"trimmed": false,
	"spriteSourceSize": {"x":0,"y":0,"w":45,"h":45},
	"sourceSize": {"w":45,"h":45}
},
"shopbutton_un.png":
{
	"frame": {"x":45,"y":0,"w":45,"h":45},
	"rotated": false,
	"trimmed": false,
	"spriteSourceSize": {"x":0,"y":0,"w":45,"h":45},
	"sourceSize": {"w":45,"h":45}
}},
"meta": {
	"app": "https://www.codeandweb.com/texturepacker",
	"version": "1.0",
	"image": "shop_button.png",
	"format": "RGBA8888",
	"size": {"w":90,"h":45},
	"scale": "1",
	"smartupdate": "$TexturePacker:SmartUpdate:9ae6224ec53bd9f7db130210c473b74b:b7a94e13cd2f2436dd8127ea5dbc08fe:6564584319724e409c2517ef71438688$"
}
}
