{"frames": {

"move/0001.png":
{
	"frame": {"x":0,"y":0,"w":32,"h":32},
	"rotated": false,
	"trimmed": false,
	"spriteSourceSize": {"x":0,"y":0,"w":32,"h":32},
	"sourceSize": {"w":32,"h":32}
},
"move/0002.png":
{
	"frame": {"x":32,"y":0,"w":32,"h":32},
	"rotated": false,
	"trimmed": false,
	"spriteSourceSize": {"x":0,"y":0,"w":32,"h":32},
	"sourceSize": {"w":32,"h":32}
}},
"meta": {
	"app": "https://www.codeandweb.com/texturepacker",
	"version": "1.0",
	"image": "steven_move.png",
	"format": "RGBA8888",
	"size": {"w":64,"h":32},
	"scale": "1",
	"smartupdate": "$TexturePacker:SmartUpdate:db6a3cd27799cc4e98862543102404fc:04d484f59fcbae737bbfa0abf2f65bcd:4149a6bc5bd11db275070597f7a51d91$"
}
}
